{"train_loss": [0.8104126644060479, 0.5690049848386219, 0.4670002366074864, 0.36828443278437073, 0.30998933731769185, 0.2471454268934564, 0.2064007748820767, 0.16588802131251518, 0.1433936084927239, 0.11858418276128561, 0.10397411250040768, 0.09352954685317803], "val_f1": [0.715770383860446, 0.7357212403569018, 0.733312051273692, 0.7380400388366842, 0.7550967979541526, 0.7334020752719163, 0.7413580011372206, 0.7395427788311406, 0.734313093727648, 0.7294845388140062, 0.729739568371717, 0.7267184618736305]}