{"train_loss": [0.8239016892006679, 0.3780966916624804, 0.18556977954247725, 0.09923846514097281, 0.060776113266391416, 0.04600408979364735, 0.03956177033287305, 0.03226889203113116, 0.029357773013577813, 0.0312235325118704, 0.027520664382266077, 0.030727991303725468], "val_f1": [0.7385408066907052, 0.7549227834533663, 0.7632976665132674, 0.7443407200479474, 0.7499581229205842, 0.7445873827068169, 0.745442161584282, 0.7392057272465226, 0.7321499073785468, 0.7318413751246369, 0.7361166357448733, 0.7327174902575595]}