{"train_loss": [0.7891292379509588, 0.579142749679755, 0.4987714323012725, 0.4439711994636133, 0.3909582369816229, 0.3510174281571222, 0.30850105256027316, 0.2705091000621363, 0.23351280275524033, 0.20685487356245147, 0.18016012003703147, 0.1528614138640602], "val_f1": [0.7315611170710915, 0.7497967705788935, 0.7572066429901371, 0.7247557988768336, 0.7405538275672705, 0.7416531580209221, 0.7526232365886577, 0.72140016041511, 0.7343245590230051, 0.7230782943225776, 0.7245669014541646, 0.7216351836540937]}