{"train_loss": [0.7455888268370066, 0.6063893239320435, 0.5821516143609278, 0.5664321813524139, 0.5561289694738685, 0.5443561228906145, 0.5345615328098676, 0.5300475658837313, 0.5228034597561226, 0.5176538128567778, 0.5026629865169525, 0.5061210495714815, 0.49711597039832833, 0.4990598942552294, 0.4886321040414135], "val_f1": [0.7306387622571607, 0.7530116174764278, 0.7393922502991931, 0.7414285454019857, 0.7313098896721023, 0.7516817391818549, 0.7382822960838351, 0.7571630400723249, 0.7425275337010654, 0.7207040767351581, 0.7575030010032321, 0.7431422524486315, 0.7364406050960132, 0.7473425496619006, 0.7643015656616434]}