{"train_loss": [0.9317422557321394, 0.7457384337549624, 0.7126925037884564, 0.7031065829051948, 0.6882908705228604, 0.6776509777359341, 0.6729146836337095, 0.6633248208842663, 0.6480016128987259, 0.6333135322013997, 0.6326412984303066, 0.6194703010668666, 0.6133641385884019, 0.6103343104723817, 0.6070741838920191], "val_f1": [0.6804936288423883, 0.6984393409382695, 0.6823690734504061, 0.7013526512097809, 0.7067058510058081, 0.7136144507634659, 0.6990528447740073, 0.7057098374836718, 0.7013717935818141, 0.6996560439203456, 0.706698733438104, 0.7126312415146238, 0.7160813332604378, 0.7059588740490309, 0.6967281686002108]}