{"train_loss": [0.7940520392441601, 0.5806629424509795, 0.5018019524420271, 0.4469532588994281, 0.39231293551299884, 0.34827866109076494, 0.30795848730558195, 0.2771336492729483, 0.24176257908899593, 0.2114700186789406, 0.1898674925106653, 0.1653081884156473], "val_f1": [0.7435055487673742, 0.7518513477647941, 0.7581488180026067, 0.7261849847187453, 0.7434026152968257, 0.7501933791531378, 0.7483253911448454, 0.7312334516504331, 0.7239603248807338, 0.7329215766412703, 0.728263266294522, 0.724143910509734]}